{"cameraMode":{"drawMode":0,"name":"Shaded","section":"Shading Mode"},"sceneLighting":false,"audioPlay":false,"sceneViewState":{"showFog":true,"showMaterialUpdate":false,"showSkybox":false,"showFlares":true,"showImageEffects":true,"showParticleSystems":true,"showVisualEffectGraphs":true,"m_FxEnabled":true},"in2DMode":false,"pivot":{"x":4.091435432434082,"y":4.129143714904785,"z":1.1747112274169922},"rotation":{"x":0.017524054273962976,"y":-0.1354675441980362,"z":-0.0024119499139487745,"w":-0.9906433820724487},"size":1.8597774505615235,"orthographic":false}